{
  "mean_iou": 0.6005257964134216,
  "pixel_accuracy": 0.9605157022422316,
  "per_class_iou": {
    "Background": 0.9748314023017883,
    "Hat": 0.6081905364990234,
    "Sunglasses": 0.37946951389312744,
    "Upper-clothes": 0.7619515061378479,
    "Skirt": 0.634419322013855,
    "Pants": 0.7672103047370911,
    "Dress": 0.6107760667800903,
    "Belt": 0.2221897542476654,
    "Shoes": 0.6218177080154419,
    "Bag": 0.6528289318084717,
    "Scarf": 0.3720986843109131
  }
}